category,conventional_kg,cell_kg,shared_kg,evidence,status
frame and launch load path,,,,No measured or quoted comparison yet,UNKNOWN_NOT_ZERO
guides and pusher,,,,No measured or quoted comparison yet,UNKNOWN_NOT_ZERO
spring seats and accumulator,,,,No measured or quoted comparison yet,UNKNOWN_NOT_ZERO
charge motor screw and coupling,,,,No measured or quoted comparison yet,UNKNOWN_NOT_ZERO
release latch and ascent restraint,,,,No measured or quoted comparison yet,UNKNOWN_NOT_ZERO
catcher and anti-rebound lock,,,,No measured or quoted comparison yet,UNKNOWN_NOT_ZERO
doors and guards,,,,No measured or quoted comparison yet,UNKNOWN_NOT_ZERO
sensors and electronics,,,,No measured or quoted comparison yet,UNKNOWN_NOT_ZERO
harness connectors fasteners,,,,No measured or quoted comparison yet,UNKNOWN_NOT_ZERO
thermal management,,,,No measured or quoted comparison yet,UNKNOWN_NOT_ZERO
host reinforcement and mounts,,,,No measured or quoted comparison yet,UNKNOWN_NOT_ZERO
payload interface changes,,,,No measured or quoted comparison yet,UNKNOWN_NOT_ZERO
integration and qualification cost,,,,No measured or quoted comparison yet,UNKNOWN_NOT_ZERO
